{
    "ATL": {
        "GAME_NO": 70,
        "AVG_PTS": 113.51428571428572,
        "AVG_AST": 24.085714285714285,
        "AVG_OREB": 10.528571428571428,
        "AVG_DREB": 34.9,
        "cPTS": 7946,
        "cAST": 1686,
        "cOREB": 737.0,
        "cDREB": 2443.0,
        "cFGA": 6097,
        "cTO": 894,
        "cFTA": 1695,
        "cPTS_ALLOWED": 7831,
        "OFF_EFF": 114.63,
        "DEF_EFF": 112.97,
        "ELO": 1566.8452956053259
    },
    "BOS": {
        "GAME_NO": 70,
        "AVG_PTS": 112.75714285714285,
        "AVG_AST": 23.47142857142857,
        "AVG_OREB": 10.67142857142857,
        "AVG_DREB": 33.55714285714286,
        "cPTS": 7893,
        "cAST": 1643,
        "cOREB": 747.0,
        "cDREB": 2349.0,
        "cFGA": 6220,
        "cTO": 938,
        "cFTA": 1463,
        "cPTS_ALLOWED": 7800,
        "OFF_EFF": 112.82,
        "DEF_EFF": 111.49,
        "ELO": 1481.1975188038627
    },
    "CLE": {
        "GAME_NO": 70,
        "AVG_PTS": 103.74285714285715,
        "AVG_AST": 23.942857142857143,
        "AVG_OREB": 10.471428571428572,
        "AVG_DREB": 32.22857142857143,
        "cPTS": 7262,
        "cAST": 1676,
        "cOREB": 733.0,
        "cDREB": 2256.0,
        "cFGA": 6006,
        "cTO": 1008,
        "cFTA": 1562,
        "cPTS_ALLOWED": 7841,
        "OFF_EFF": 105.16,
        "DEF_EFF": 113.54,
        "ELO": 1348.6585931930442
    },
    "NOP": {
        "GAME_NO": 70,
        "AVG_PTS": 114.72857142857143,
        "AVG_AST": 26.071428571428573,
        "AVG_OREB": 11.785714285714286,
        "AVG_DREB": 35.57142857142857,
        "cPTS": 8031,
        "cAST": 1825,
        "cOREB": 825.0,
        "cDREB": 2490.0,
        "cFGA": 6235,
        "cTO": 973,
        "cFTA": 1829,
        "cPTS_ALLOWED": 8037,
        "OFF_EFF": 112.88,
        "DEF_EFF": 112.96,
        "ELO": 1471.0956783283764
    },
    "CHI": {
        "GAME_NO": 69,
        "AVG_PTS": 110.81159420289855,
        "AVG_AST": 26.797101449275363,
        "AVG_OREB": 9.53623188405797,
        "AVG_DREB": 35.231884057971016,
        "cPTS": 7646,
        "cAST": 1849,
        "cOREB": 658.0,
        "cDREB": 2431.0,
        "cFGA": 6112,
        "cTO": 1002,
        "cFTA": 1212,
        "cPTS_ALLOWED": 7714,
        "OFF_EFF": 110.16,
        "DEF_EFF": 111.14,
        "ELO": 1450.8460045296938
    },
    "DAL": {
        "GAME_NO": 70,
        "AVG_PTS": 112.3,
        "AVG_AST": 22.685714285714287,
        "AVG_OREB": 9.071428571428571,
        "AVG_DREB": 34.357142857142854,
        "cPTS": 7861,
        "cAST": 1588,
        "cOREB": 635.0,
        "cDREB": 2405.0,
        "cFGA": 6106,
        "cTO": 799,
        "cFTA": 1483,
        "cPTS_ALLOWED": 7687,
        "OFF_EFF": 114.54,
        "DEF_EFF": 112.0,
        "ELO": 1575.492082322143
    },
    "DEN": {
        "GAME_NO": 69,
        "AVG_PTS": 115.21739130434783,
        "AVG_AST": 26.869565217391305,
        "AVG_OREB": 10.507246376811594,
        "AVG_DREB": 33.869565217391305,
        "cPTS": 7950,
        "cAST": 1854,
        "cOREB": 725.0,
        "cDREB": 2337.0,
        "cFGA": 6142,
        "cTO": 894,
        "cFTA": 1366,
        "cPTS_ALLOWED": 7603,
        "OFF_EFF": 115.93,
        "DEF_EFF": 110.87,
        "ELO": 1613.069889337295
    },
    "GSW": {
        "GAME_NO": 70,
        "AVG_PTS": 113.55714285714286,
        "AVG_AST": 27.65714285714286,
        "AVG_OREB": 7.914285714285715,
        "AVG_DREB": 35.02857142857143,
        "cPTS": 7949,
        "cAST": 1936,
        "cOREB": 554.0,
        "cDREB": 2452.0,
        "cFGA": 6177,
        "cTO": 1024,
        "cFTA": 1472,
        "cPTS_ALLOWED": 7888,
        "OFF_EFF": 109.86,
        "DEF_EFF": 109.01,
        "ELO": 1531.3038586576906
    },
    "HOU": {
        "GAME_NO": 70,
        "AVG_PTS": 108.8,
        "AVG_AST": 23.485714285714284,
        "AVG_OREB": 9.314285714285715,
        "AVG_DREB": 33.3,
        "cPTS": 7616,
        "cAST": 1644,
        "cOREB": 652.0,
        "cDREB": 2331.0,
        "cFGA": 6194,
        "cTO": 995,
        "cFTA": 1564,
        "cPTS_ALLOWED": 8163,
        "OFF_EFF": 106.33,
        "DEF_EFF": 113.97,
        "ELO": 1302.2462657720519
    },
    "LAC": {
        "GAME_NO": 69,
        "AVG_PTS": 114.04347826086956,
        "AVG_AST": 24.3768115942029,
        "AVG_OREB": 9.405797101449275,
        "AVG_DREB": 34.88405797101449,
        "cPTS": 7869,
        "cAST": 1682,
        "cOREB": 649.0,
        "cDREB": 2407.0,
        "cFGA": 5968,
        "cTO": 861,
        "cFTA": 1341,
        "cPTS_ALLOWED": 7435,
        "OFF_EFF": 117.16,
        "DEF_EFF": 110.7,
        "ELO": 1605.5294110849288
    },
    "LAL": {
        "GAME_NO": 70,
        "AVG_PTS": 109.35714285714286,
        "AVG_AST": 24.571428571428573,
        "AVG_OREB": 9.657142857142857,
        "AVG_DREB": 34.6,
        "cPTS": 7655,
        "cAST": 1720,
        "cOREB": 676.0,
        "cDREB": 2422.0,
        "cFGA": 6015,
        "cTO": 1038,
        "cFTA": 1628,
        "cPTS_ALLOWED": 7473,
        "OFF_EFF": 108.92,
        "DEF_EFF": 106.33,
        "ELO": 1520.796498393953
    },
    "MIA": {
        "GAME_NO": 69,
        "AVG_PTS": 107.92753623188406,
        "AVG_AST": 26.26086956521739,
        "AVG_OREB": 7.956521739130435,
        "AVG_DREB": 33.55072463768116,
        "cPTS": 7447,
        "cAST": 1812,
        "cOREB": 549.0,
        "cDREB": 2315.0,
        "cFGA": 5768,
        "cTO": 916,
        "cFTA": 1481,
        "cPTS_ALLOWED": 7456,
        "OFF_EFF": 110.7,
        "DEF_EFF": 110.83,
        "ELO": 1557.9297753431567
    },
    "MIL": {
        "GAME_NO": 69,
        "AVG_PTS": 119.89855072463769,
        "AVG_AST": 25.463768115942027,
        "AVG_OREB": 10.376811594202898,
        "AVG_DREB": 37.81159420289855,
        "cPTS": 8273,
        "cAST": 1757,
        "cOREB": 716.0,
        "cDREB": 2609.0,
        "cFGA": 6340,
        "cTO": 930,
        "cFTA": 1452,
        "cPTS_ALLOWED": 7866,
        "OFF_EFF": 115.95,
        "DEF_EFF": 110.25,
        "ELO": 1593.0985710337995
    },
    "MIN": {
        "GAME_NO": 69,
        "AVG_PTS": 111.97101449275362,
        "AVG_AST": 25.63768115942029,
        "AVG_OREB": 10.36231884057971,
        "AVG_DREB": 33.130434782608695,
        "cPTS": 7726,
        "cAST": 1769,
        "cOREB": 715.0,
        "cDREB": 2286.0,
        "cFGA": 6281,
        "cTO": 947,
        "cFTA": 1571,
        "cPTS_ALLOWED": 8114,
        "OFF_EFF": 108.19,
        "DEF_EFF": 113.62,
        "ELO": 1424.9856805456209
    },
    "BKN": {
        "GAME_NO": 70,
        "AVG_PTS": 118.7,
        "AVG_AST": 26.685714285714287,
        "AVG_OREB": 8.971428571428572,
        "AVG_DREB": 35.457142857142856,
        "cPTS": 8309,
        "cAST": 1868,
        "cOREB": 628.0,
        "cDREB": 2482.0,
        "cFGA": 6119,
        "cTO": 923,
        "cFTA": 1591,
        "cPTS_ALLOWED": 8013,
        "OFF_EFF": 117.85,
        "DEF_EFF": 113.65,
        "ELO": 1598.4165369373036
    },
    "NYK": {
        "GAME_NO": 69,
        "AVG_PTS": 107.10144927536231,
        "AVG_AST": 21.347826086956523,
        "AVG_OREB": 9.782608695652174,
        "AVG_DREB": 35.30434782608695,
        "cPTS": 7390,
        "cAST": 1473,
        "cOREB": 675.0,
        "cDREB": 2436.0,
        "cFGA": 5972,
        "cTO": 847,
        "cFTA": 1454,
        "cPTS_ALLOWED": 7241,
        "OFF_EFF": 109.88,
        "DEF_EFF": 107.66,
        "ELO": 1559.093639433133
    },
    "ORL": {
        "GAME_NO": 69,
        "AVG_PTS": 104.07246376811594,
        "AVG_AST": 21.782608695652176,
        "AVG_OREB": 10.318840579710145,
        "AVG_DREB": 35.04347826086956,
        "cPTS": 7181,
        "cAST": 1503,
        "cOREB": 712.0,
        "cDREB": 2418.0,
        "cFGA": 6170,
        "cTO": 839,
        "cFTA": 1459,
        "cPTS_ALLOWED": 7792,
        "OFF_EFF": 104.37,
        "DEF_EFF": 113.25,
        "ELO": 1354.2015092928632
    },