{
    "ATL": {
        "GAME_NO": 69,
        "AVG_PTS": 113.42028985507247,
        "AVG_AST": 24.115942028985508,
        "AVG_OREB": 10.579710144927537,
        "AVG_DREB": 34.768115942028984,
        "cPTS": 7826,
        "cAST": 1664,
        "cOREB": 730.0,
        "cDREB": 2399.0,
        "cFGA": 6011,
        "cTO": 880,
        "cFTA": 1667,
        "OFFRATE": 1.14619643223293,
        "DEFRATE": 1.1785641055684115,
        "ELO": 1558.0981128533076
    },
    "BOS": {
        "GAME_NO": 68,
        "AVG_PTS": 112.91176470588235,
        "AVG_AST": 23.5,
        "AVG_OREB": 10.75,
        "AVG_DREB": 33.63235294117647,
        "cPTS": 7678,
        "cAST": 1598,
        "cOREB": 731.0,
        "cDREB": 2287.0,
        "cFGA": 6031,
        "cTO": 920,
        "cFTA": 1432,
        "OFFRATE": 1.1303144505947473,
        "DEFRATE": 1.077317159345189,
        "ELO": 1504.243538025429
    },
    "CLE": {
        "GAME_NO": 69,
        "AVG_PTS": 103.76811594202898,
        "AVG_AST": 23.89855072463768,
        "AVG_OREB": 10.521739130434783,
        "AVG_DREB": 32.0,
        "cPTS": 7160,
        "cAST": 1649,
        "cOREB": 726.0,
        "cDREB": 2208.0,
        "cFGA": 5926,
        "cTO": 993,
        "cFTA": 1535,
        "OFFRATE": 1.0518583810783018,
        "DEFRATE": 1.1496988394299985,
        "ELO": 1334.3253143381733
    },
    "NOP": {
        "GAME_NO": 69,
        "AVG_PTS": 114.84057971014492,
        "AVG_AST": 26.18840579710145,
        "AVG_OREB": 11.797101449275363,
        "AVG_DREB": 35.608695652173914,
        "cPTS": 7924,
        "cAST": 1807,
        "cOREB": 814.0,
        "cDREB": 2457.0,
        "cFGA": 6148,
        "cTO": 961,
        "cFTA": 1791,
        "OFFRATE": 1.1301594546025044,
        "DEFRATE": 1.0982114841543773,
        "ELO": 1478.5769515657157
    },
    "CHI": {
        "GAME_NO": 68,
        "AVG_PTS": 110.86764705882354,
        "AVG_AST": 26.88235294117647,
        "AVG_OREB": 9.529411764705882,
        "AVG_DREB": 35.23529411764706,
        "cPTS": 7539,
        "cAST": 1828,
        "cOREB": 648.0,
        "cDREB": 2396.0,
        "cFGA": 6016,
        "cTO": 993,
        "cFTA": 1198,
        "OFFRATE": 1.102160755533464,
        "DEFRATE": 1.07862343206339,
        "ELO": 1457.3296539623307
    },
    "DAL": {
        "GAME_NO": 68,
        "AVG_PTS": 112.23529411764706,
        "AVG_AST": 22.676470588235293,
        "AVG_OREB": 9.014705882352942,
        "AVG_DREB": 34.470588235294116,
        "cPTS": 7632,
        "cAST": 1542,
        "cOREB": 613.0,
        "cDREB": 2344.0,
        "cFGA": 5922,
        "cTO": 779,
        "cFTA": 1444,
        "OFFRATE": 1.1449831973115698,
        "DEFRATE": 1.0588694191070571,
        "ELO": 1579.823181101238
    },
    "DEN": {
        "GAME_NO": 68,
        "AVG_PTS": 115.19117647058823,
        "AVG_AST": 26.88235294117647,
        "AVG_OREB": 10.514705882352942,
        "AVG_DREB": 33.955882352941174,
        "cPTS": 7833,
        "cAST": 1828,
        "cOREB": 715.0,
        "cDREB": 2309.0,
        "cFGA": 6059,
        "cTO": 877,
        "cFTA": 1340,
        "OFFRATE": 1.159242267278378,
        "DEFRATE": 1.1937250258990677,
        "ELO": 1606.6576444477266
    },
    "GSW": {
        "GAME_NO": 69,
        "AVG_PTS": 113.43478260869566,
        "AVG_AST": 27.579710144927535,
        "AVG_OREB": 7.855072463768116,
        "AVG_DREB": 35.130434782608695,
        "cPTS": 7827,
        "cAST": 1903,
        "cOREB": 542.0,
        "cDREB": 2424.0,
        "cFGA": 6082,
        "cTO": 1016,
        "cFTA": 1452,
        "OFFRATE": 1.0967100100885552,
        "DEFRATE": 1.1285169824010761,
        "ELO": 1518.0472747409779
    },
    "HOU": {
        "GAME_NO": 69,
        "AVG_PTS": 108.6086956521739,
        "AVG_AST": 23.347826086956523,
        "AVG_OREB": 9.333333333333334,
        "AVG_DREB": 33.30434782608695,
        "cPTS": 7494,
        "cAST": 1611,
        "cOREB": 644.0,
        "cDREB": 2298.0,
        "cFGA": 6109,
        "cTO": 980,
        "cFTA": 1537,
        "OFFRATE": 1.061503158729709,
        "DEFRATE": 1.1340264596730785,
        "ELO": 1306.8580723793925
    },
    "LAC": {
        "GAME_NO": 68,
        "AVG_PTS": 114.02941176470588,
        "AVG_AST": 24.36764705882353,
        "AVG_OREB": 9.411764705882353,
        "AVG_DREB": 34.80882352941177,
        "cPTS": 7754,
        "cAST": 1657,
        "cOREB": 640.0,
        "cDREB": 2367.0,
        "cFGA": 5890,
        "cTO": 845,
        "cFTA": 1315,
        "OFFRATE": 1.1711221869808186,
        "DEFRATE": 1.101193173236671,
        "ELO": 1600.2265915088335
    },
    "LAL": {
        "GAME_NO": 68,
        "AVG_PTS": 109.26470588235294,
        "AVG_AST": 24.426470588235293,
        "AVG_OREB": 9.617647058823529,
        "AVG_DREB": 34.55882352941177,
        "cPTS": 7430,
        "cAST": 1661,
        "cOREB": 654.0,
        "cDREB": 2350.0,
        "cFGA": 5835,
        "cTO": 1009,
        "cFTA": 1587,
        "OFFRATE": 1.0886765912554213,
        "DEFRATE": 1.1433302074786074,
        "ELO": 1504.2880942934326
    },
    "MIA": {
        "GAME_NO": 68,
        "AVG_PTS": 107.61764705882354,
        "AVG_AST": 26.279411764705884,
        "AVG_OREB": 7.985294117647059,
        "AVG_DREB": 33.5,
        "cPTS": 7318,
        "cAST": 1787,
        "cOREB": 543.0,
        "cDREB": 2278.0,
        "cFGA": 5687,
        "cTO": 902,
        "cFTA": 1459,
        "OFFRATE": 1.1038373355858573,
        "DEFRATE": 1.1581392542536502,
        "ELO": 1549.2170349764615
    },
    "MIL": {
        "GAME_NO": 68,
        "AVG_PTS": 119.98529411764706,
        "AVG_AST": 25.602941176470587,
        "AVG_OREB": 10.279411764705882,
        "AVG_DREB": 37.69117647058823,
        "cPTS": 8159,
        "cAST": 1741,
        "cOREB": 699.0,
        "cDREB": 2563.0,
        "cFGA": 6239,
        "cTO": 921,
        "cFTA": 1425,
        "OFFRATE": 1.160432370928744,
        "DEFRATE": 1.075238230692647,
        "ELO": 1588.9051986593824
    },
    "MIN": {
        "GAME_NO": 68,
        "AVG_PTS": 111.86764705882354,
        "AVG_AST": 25.573529411764707,
        "AVG_OREB": 10.352941176470589,
        "AVG_DREB": 33.13235294117647,
        "cPTS": 7607,
        "cAST": 1739,
        "cOREB": 704.0,
        "cDREB": 2253.0,
        "cFGA": 6183,
        "cTO": 932,
        "cFTA": 1550,
        "OFFRATE": 1.081922912814678,
        "DEFRATE": 1.0068269094012232,
        "ELO": 1416.3498075497162
    },
    "BKN": {
        "GAME_NO": 68,
        "AVG_PTS": 118.61764705882354,
        "AVG_AST": 26.514705882352942,
        "AVG_OREB": 9.0,
        "AVG_DREB": 35.35294117647059,
        "cPTS": 8066,
        "cAST": 1803,
        "cOREB": 612.0,
        "cDREB": 2404.0,
        "cFGA": 5951,
        "cTO": 905,
        "cFTA": 1539,
        "OFFRATE": 1.1758703131377923,
        "DEFRATE": 1.1419033179777245,
        "ELO": 1584.9456230014462
    },
    "NYK": {
        "GAME_NO": 68,
        "AVG_PTS": 107.22058823529412,
        "AVG_AST": 21.38235294117647,
        "AVG_OREB": 9.852941176470589,
        "AVG_DREB": 35.294117647058826,
        "cPTS": 7291,
        "cAST": 1454,
        "cOREB": 670.0,
        "cDREB": 2400.0,
        "cFGA": 5885,
        "cTO": 838,
        "cFTA": 1431,
        "OFFRATE": 1.1004618589066322,
        "DEFRATE": 1.1703444320342924,
        "ELO": 1570.9902369263127
    },
    "ORL": {
        "GAME_NO": 68,
        "AVG_PTS": 104.1029411764706,
        "AVG_AST": 21.83823529411765,
        "AVG_OREB": 10.323529411764707,
        "AVG_DREB": 34.94117647058823,
        "cPTS": 7079,
        "cAST": 1485,
        "cOREB": 702.0,
        "cDREB": 2376.0,
        "cFGA": 6076,
        "cTO": 827,
        "cFTA": 1439,
        "OFFRATE": 1.044624147802733,
        "DEFRATE": 1.1225393265059174,
        "ELO": 1358.3948816672803
    },
    "IND": {
        "GAME_NO": 68,
        "AVG_PTS": 115.08823529411765,
        "AVG_AST": 27.191176470588236,