{
    "ATL": {
        "GAME_NO": 71,
        "AVG_PTS": 113.54929577464789,
        "AVG_AST": 24.014084507042252,
        "AVG_OREB": 10.549295774647888,
        "AVG_DREB": 34.929577464788736,
        "cPTS": 8062,
        "cAST": 1705,
        "cOREB": 749.0,
        "cDREB": 2480.0,
        "cFGA": 6191,
        "cTO": 901,
        "cFTA": 1719,
        "cPTS_ALLOWED": 7924,
        "OFF_EFF": 114.67,
        "DEF_EFF": 112.71,
        "ELO": 1571.3896944123683
    },
    "BOS": {
        "GAME_NO": 71,
        "AVG_PTS": 112.91549295774648,
        "AVG_AST": 23.52112676056338,
        "AVG_OREB": 10.647887323943662,
        "AVG_DREB": 33.57746478873239,
        "cPTS": 8017,
        "cAST": 1670,
        "cOREB": 756.0,
        "cDREB": 2384.0,
        "cFGA": 6315,
        "cTO": 952,
        "cFTA": 1481,
        "cPTS_ALLOWED": 7908,
        "OFF_EFF": 112.86,
        "DEF_EFF": 111.33,
        "ELO": 1489.452034083479
    },
    "CLE": {
        "GAME_NO": 71,
        "AVG_PTS": 103.7605633802817,
        "AVG_AST": 23.943661971830984,
        "AVG_OREB": 10.422535211267606,
        "AVG_DREB": 32.29577464788732,
        "cPTS": 7367,
        "cAST": 1700,
        "cOREB": 740.0,
        "cDREB": 2293.0,
        "cFGA": 6090,
        "cTO": 1025,
        "cFTA": 1583,
        "cPTS_ALLOWED": 7961,
        "OFF_EFF": 105.12,
        "DEF_EFF": 113.6,
        "ELO": 1342.8915107770636
    },
    "NOP": {
        "GAME_NO": 71,
        "AVG_PTS": 114.83098591549296,
        "AVG_AST": 26.0,
        "AVG_OREB": 11.788732394366198,
        "AVG_DREB": 35.61971830985915,
        "cPTS": 8153,
        "cAST": 1846,
        "cOREB": 837.0,
        "cDREB": 2529.0,
        "cFGA": 6334,
        "cTO": 982,
        "cFTA": 1857,
        "cPTS_ALLOWED": 8162,
        "OFF_EFF": 112.89,
        "DEF_EFF": 113.02,
        "ELO": 1462.811468012664
    },
    "CHI": {
        "GAME_NO": 71,
        "AVG_PTS": 110.5774647887324,
        "AVG_AST": 26.816901408450704,
        "AVG_OREB": 9.647887323943662,
        "AVG_DREB": 35.309859154929576,
        "cPTS": 7851,
        "cAST": 1904,
        "cOREB": 685.0,
        "cDREB": 2507.0,
        "cFGA": 6293,
        "cTO": 1029,
        "cFTA": 1239,
        "cPTS_ALLOWED": 7921,
        "OFF_EFF": 110.07,
        "DEF_EFF": 111.05,
        "ELO": 1453.686905607199
    },
    "DAL": {
        "GAME_NO": 71,
        "AVG_PTS": 112.32394366197182,
        "AVG_AST": 22.746478873239436,
        "AVG_OREB": 9.098591549295774,
        "AVG_DREB": 34.309859154929576,
        "cPTS": 7975,
        "cAST": 1615,
        "cOREB": 646.0,
        "cDREB": 2436.0,
        "cFGA": 6196,
        "cTO": 807,
        "cFTA": 1504,
        "cPTS_ALLOWED": 7797,
        "OFF_EFF": 114.61,
        "DEF_EFF": 112.05,
        "ELO": 1581.0309658559509
    },
    "DEN": {
        "GAME_NO": 71,
        "AVG_PTS": 115.04225352112677,
        "AVG_AST": 26.943661971830984,
        "AVG_OREB": 10.535211267605634,
        "AVG_DREB": 34.028169014084504,
        "cPTS": 8168,
        "cAST": 1913,
        "cOREB": 748.0,
        "cDREB": 2416.0,
        "cFGA": 6324,
        "cTO": 917,
        "cFTA": 1391,
        "cPTS_ALLOWED": 7797,
        "OFF_EFF": 115.87,
        "DEF_EFF": 110.61,
        "ELO": 1621.8208940741104
    },
    "GSW": {
        "GAME_NO": 71,
        "AVG_PTS": 113.71830985915493,
        "AVG_AST": 27.676056338028168,
        "AVG_OREB": 7.915492957746479,
        "AVG_DREB": 35.070422535211264,
        "cPTS": 8074,
        "cAST": 1965,
        "cOREB": 562.0,
        "cDREB": 2490.0,
        "cFGA": 6264,
        "cTO": 1035,
        "cFTA": 1502,
        "cPTS_ALLOWED": 8010,
        "OFF_EFF": 110.03,
        "DEF_EFF": 109.16,
        "ELO": 1539.588068973403
    },
    "HOU": {
        "GAME_NO": 71,
        "AVG_PTS": 108.98591549295774,
        "AVG_AST": 23.577464788732396,
        "AVG_OREB": 9.295774647887324,
        "AVG_DREB": 33.29577464788732,
        "cPTS": 7738,
        "cAST": 1674,
        "cOREB": 660.0,
        "cDREB": 2364.0,
        "cFGA": 6280,
        "cTO": 1010,
        "cFTA": 1586,
        "cPTS_ALLOWED": 8278,
        "OFF_EFF": 106.52,
        "DEF_EFF": 113.95,
        "ELO": 1319.3651175176258
    },
    "LAC": {
        "GAME_NO": 71,
        "AVG_PTS": 114.04225352112677,
        "AVG_AST": 24.492957746478872,
        "AVG_OREB": 9.32394366197183,
        "AVG_DREB": 34.83098591549296,
        "cPTS": 8097,
        "cAST": 1739,
        "cOREB": 662.0,
        "cDREB": 2473.0,
        "cFGA": 6136,
        "cTO": 891,
        "cFTA": 1372,
        "cPTS_ALLOWED": 7647,
        "OFF_EFF": 117.11,
        "DEF_EFF": 110.6,
        "ELO": 1594.6910238680011
    },
    "LAL": {
        "GAME_NO": 71,
        "AVG_PTS": 109.53521126760563,
        "AVG_AST": 24.577464788732396,
        "AVG_OREB": 9.67605633802817,
        "AVG_DREB": 34.59154929577465,
        "cPTS": 7777,
        "cAST": 1745,
        "cOREB": 687.0,
        "cDREB": 2456.0,
        "cFGA": 6101,
        "cTO": 1051,
        "cFTA": 1664,
        "cPTS_ALLOWED": 7588,
        "OFF_EFF": 109.07,
        "DEF_EFF": 106.41,
        "ELO": 1529.514166399146
    },
    "MIA": {
        "GAME_NO": 71,
        "AVG_PTS": 107.90140845070422,
        "AVG_AST": 26.239436619718308,
        "AVG_OREB": 8.070422535211268,
        "AVG_DREB": 33.46478873239437,
        "cPTS": 7661,
        "cAST": 1863,
        "cOREB": 573.0,
        "cDREB": 2376.0,
        "cFGA": 5945,
        "cTO": 946,
        "cFTA": 1500,
        "cPTS_ALLOWED": 7672,
        "OFF_EFF": 110.74,
        "DEF_EFF": 110.9,
        "ELO": 1560.384285920848
    },
    "MIL": {
        "GAME_NO": 71,
        "AVG_PTS": 120.2394366197183,
        "AVG_AST": 25.633802816901408,
        "AVG_OREB": 10.295774647887324,
        "AVG_DREB": 37.929577464788736,
        "cPTS": 8537,
        "cAST": 1820,
        "cOREB": 731.0,
        "cDREB": 2693.0,
        "cFGA": 6520,
        "cTO": 953,
        "cFTA": 1507,
        "cPTS_ALLOWED": 8107,
        "OFF_EFF": 116.23,
        "DEF_EFF": 110.38,
        "ELO": 1609.1535543995508
    },
    "MIN": {
        "GAME_NO": 71,
        "AVG_PTS": 111.78873239436619,
        "AVG_AST": 25.507042253521128,
        "AVG_OREB": 10.507042253521126,
        "AVG_DREB": 33.08450704225352,
        "cPTS": 7937,
        "cAST": 1811,
        "cOREB": 746.0,
        "cDREB": 2349.0,
        "cFGA": 6456,
        "cTO": 974,
        "cFTA": 1637,
        "cPTS_ALLOWED": 8352,
        "OFF_EFF": 108.15,
        "DEF_EFF": 113.81,
        "ELO": 1411.671256140173
    },
    "BKN": {
        "GAME_NO": 71,
        "AVG_PTS": 118.50704225352112,
        "AVG_AST": 26.676056338028168,
        "AVG_OREB": 8.95774647887324,
        "AVG_DREB": 35.57746478873239,
        "cPTS": 8414,
        "cAST": 1894,
        "cOREB": 636.0,
        "cDREB": 2526.0,
        "cFGA": 6206,
        "cTO": 932,
        "cFTA": 1606,
        "cPTS_ALLOWED": 8104,
        "OFF_EFF": 117.77,
        "DEF_EFF": 113.43,
        "ELO": 1604.628291761585
    },
    "NYK": {
        "GAME_NO": 71,
        "AVG_PTS": 107.1830985915493,
        "AVG_AST": 21.47887323943662,
        "AVG_OREB": 9.746478873239436,
        "AVG_DREB": 35.45070422535211,
        "cPTS": 7610,
        "cAST": 1525,
        "cOREB": 692.0,
        "cDREB": 2517.0,
        "cFGA": 6146,
        "cTO": 866,
        "cFTA": 1487,
        "cPTS_ALLOWED": 7448,
        "OFF_EFF": 110.05,
        "DEF_EFF": 107.71,
        "ELO": 1573.870725278269
    },
    "ORL": {
        "GAME_NO": 71,
        "AVG_PTS": 103.8169014084507,
        "AVG_AST": 21.802816901408452,
        "AVG_OREB": 10.394366197183098,
        "AVG_DREB": 35.028169014084504,
        "cPTS": 7371,
        "cAST": 1548,
        "cOREB": 738.0,
        "cDREB": 2487.0,
        "cFGA": 6347,
        "cTO": 866,
        "cFTA": 1502,
        "cPTS_ALLOWED": 8030,
        "OFF_EFF": 104.17,