{
    "ATL": {
        "GAME_NO": 72,
        "AVG_PTS": 113.69444444444444,
        "AVG_AST": 24.125,
        "AVG_OREB": 10.555555555555555,
        "AVG_DREB": 35.06944444444444,
        "cPTS": 8186,
        "cAST": 1737,
        "cOREB": 760.0,
        "cDREB": 2525.0,
        "cFGA": 6281,
        "cTO": 914,
        "cFTA": 1745,
        "cPTS_ALLOWED": 8019,
        "OFF_EFF": 114.7624,
        "DEF_EFF": 112.4211,
        "ELO": 1575.1871999999998
    },
    "BOS": {
        "GAME_NO": 73,
        "AVG_PTS": 112.6986301369863,
        "AVG_AST": 23.410958904109588,
        "AVG_OREB": 10.67123287671233,
        "AVG_DREB": 33.64383561643836,
        "cPTS": 8227,
        "cAST": 1709,
        "cOREB": 779.0,
        "cDREB": 2456.0,
        "cFGA": 6497,
        "cTO": 974,
        "cFTA": 1528,
        "cPTS_ALLOWED": 8104,
        "OFF_EFF": 112.6492,
        "DEF_EFF": 110.9651,
        "ELO": 1492.9232000000002
    },
    "CLE": {
        "GAME_NO": 72,
        "AVG_PTS": 103.83333333333333,
        "AVG_AST": 23.833333333333332,
        "AVG_OREB": 10.430555555555555,
        "AVG_DREB": 32.31944444444444,
        "cPTS": 7476,
        "cAST": 1716,
        "cOREB": 751.0,
        "cDREB": 2327.0,
        "cFGA": 6175,
        "cTO": 1039,
        "cFTA": 1614,
        "cPTS_ALLOWED": 8084,
        "OFF_EFF": 105.1684,
        "DEF_EFF": 113.7214,
        "ELO": 1339.2627999999986
    },
    "NOP": {
        "GAME_NO": 72,
        "AVG_PTS": 114.59722222222223,
        "AVG_AST": 26.0,
        "AVG_OREB": 11.73611111111111,
        "AVG_DREB": 35.666666666666664,
        "cPTS": 8251,
        "cAST": 1872,
        "cOREB": 845.0,
        "cDREB": 2568.0,
        "cFGA": 6412,
        "cTO": 1003,
        "cFTA": 1878,
        "cPTS_ALLOWED": 8272,
        "OFF_EFF": 112.7001,
        "DEF_EFF": 112.9869,
        "ELO": 1454.7079000000008
    },
    "CHI": {
        "GAME_NO": 72,
        "AVG_PTS": 110.68055555555556,
        "AVG_AST": 26.76388888888889,
        "AVG_OREB": 9.625,
        "AVG_DREB": 35.333333333333336,
        "cPTS": 7969,
        "cAST": 1927,
        "cOREB": 693.0,
        "cDREB": 2544.0,
        "cFGA": 6380,
        "cTO": 1045,
        "cFTA": 1258,
        "cPTS_ALLOWED": 8033,
        "OFF_EFF": 110.1421,
        "DEF_EFF": 111.0266,
        "ELO": 1467.8851
    },
    "DAL": {
        "GAME_NO": 72,
        "AVG_PTS": 112.44444444444444,
        "AVG_AST": 22.875,
        "AVG_OREB": 9.125,
        "AVG_DREB": 34.208333333333336,
        "cPTS": 8096,
        "cAST": 1647,
        "cOREB": 657.0,
        "cDREB": 2463.0,
        "cFGA": 6287,
        "cTO": 823,
        "cFTA": 1524,
        "cPTS_ALLOWED": 7933,
        "OFF_EFF": 114.632,
        "DEF_EFF": 112.3241,
        "ELO": 1566.5089999999993
    },
    "DEN": {
        "GAME_NO": 72,
        "AVG_PTS": 115.05555555555556,
        "AVG_AST": 26.84722222222222,
        "AVG_OREB": 10.527777777777779,
        "AVG_DREB": 33.916666666666664,
        "cPTS": 8284,
        "cAST": 1933,
        "cOREB": 758.0,
        "cDREB": 2442.0,
        "cFGA": 6422,
        "cTO": 923,
        "cFTA": 1406,
        "cPTS_ALLOWED": 7929,
        "OFF_EFF": 115.8699,
        "DEF_EFF": 110.9044,
        "ELO": 1609.9579999999996
    },
    "GSW": {
        "GAME_NO": 73,
        "AVG_PTS": 113.52054794520548,
        "AVG_AST": 27.534246575342465,
        "AVG_OREB": 7.986301369863014,
        "AVG_DREB": 35.082191780821915,
        "cPTS": 8287,
        "cAST": 2010,
        "cOREB": 583.0,
        "cDREB": 2561.0,
        "cFGA": 6430,
        "cTO": 1074,
        "cFTA": 1535,
        "cPTS_ALLOWED": 8214,
        "OFF_EFF": 109.9801,
        "DEF_EFF": 109.0113,
        "ELO": 1539.383099999999
    },
    "HOU": {
        "GAME_NO": 72,
        "AVG_PTS": 108.79166666666667,
        "AVG_AST": 23.59722222222222,
        "AVG_OREB": 9.319444444444445,
        "AVG_DREB": 33.27777777777778,
        "cPTS": 7833,
        "cAST": 1699,
        "cOREB": 671.0,
        "cDREB": 2396.0,
        "cFGA": 6372,
        "cTO": 1025,
        "cFTA": 1606,
        "cPTS_ALLOWED": 8402,
        "OFF_EFF": 106.3053,
        "DEF_EFF": 114.0275,
        "ELO": 1315.5675999999994
    },
    "LAC": {
        "GAME_NO": 72,
        "AVG_PTS": 114.01388888888889,
        "AVG_AST": 24.38888888888889,
        "AVG_OREB": 9.416666666666666,
        "AVG_DREB": 34.736111111111114,
        "cPTS": 8209,
        "cAST": 1756,
        "cOREB": 678.0,
        "cDREB": 2501.0,
        "cFGA": 6242,
        "cTO": 894,
        "cFTA": 1387,
        "cPTS_ALLOWED": 7764,
        "OFF_EFF": 117.0574,
        "DEF_EFF": 110.7118,
        "ELO": 1578.0615000000005
    },
    "LAL": {
        "GAME_NO": 73,
        "AVG_PTS": 109.45205479452055,
        "AVG_AST": 24.684931506849313,
        "AVG_OREB": 9.698630136986301,
        "AVG_DREB": 34.602739726027394,
        "cPTS": 7990,
        "cAST": 1802,
        "cOREB": 708.0,
        "cDREB": 2526.0,
        "cFGA": 6288,
        "cTO": 1071,
        "cFTA": 1704,
        "cPTS_ALLOWED": 7786,
        "OFF_EFF": 108.9654,
        "DEF_EFF": 106.1833,
        "ELO": 1547.9661000000003
    },
    "MIA": {
        "GAME_NO": 72,
        "AVG_PTS": 108.06944444444444,
        "AVG_AST": 26.319444444444443,
        "AVG_OREB": 8.041666666666666,
        "AVG_DREB": 33.458333333333336,
        "cPTS": 7781,
        "cAST": 1895,
        "cOREB": 579.0,
        "cDREB": 2409.0,
        "cFGA": 6029,
        "cTO": 956,
        "cFTA": 1520,
        "cPTS_ALLOWED": 7779,
        "OFF_EFF": 110.9353,
        "DEF_EFF": 110.9068,
        "ELO": 1565.1045000000004
    },
    "MIL": {
        "GAME_NO": 72,
        "AVG_PTS": 120.125,
        "AVG_AST": 25.47222222222222,
        "AVG_OREB": 10.291666666666666,
        "AVG_DREB": 37.833333333333336,
        "cPTS": 8649,
        "cAST": 1834,
        "cOREB": 741.0,
        "cDREB": 2724.0,
        "cFGA": 6610,
        "cTO": 964,
        "cFTA": 1539,
        "cPTS_ALLOWED": 8225,
        "OFF_EFF": 116.1158,
        "DEF_EFF": 110.4234,
        "ELO": 1594.9555000000003
    },
    "MIN": {
        "GAME_NO": 72,
        "AVG_PTS": 112.125,
        "AVG_AST": 25.63888888888889,
        "AVG_OREB": 10.51388888888889,
        "AVG_DREB": 33.0,
        "cPTS": 8073,
        "cAST": 1846,
        "cOREB": 757.0,
        "cDREB": 2376.0,
        "cFGA": 6546,
        "cTO": 983,
        "cFTA": 1662,
        "cPTS_ALLOWED": 8473,
        "OFF_EFF": 108.5548,
        "DEF_EFF": 113.9334,
        "ELO": 1426.1931999999993
    },
    "BKN": {
        "GAME_NO": 72,
        "AVG_PTS": 118.56944444444444,
        "AVG_AST": 26.791666666666668,
        "AVG_OREB": 8.88888888888889,
        "AVG_DREB": 35.541666666666664,
        "cPTS": 8537,
        "cAST": 1929,
        "cOREB": 640.0,
        "cDREB": 2559.0,
        "cFGA": 6289,
        "cTO": 944,
        "cFTA": 1623,
        "cPTS_ALLOWED": 8213,
        "OFF_EFF": 117.8785,
        "DEF_EFF": 113.4048,
        "ELO": 1608.2568999999996
    },
    "NYK": {
        "GAME_NO": 72,
        "AVG_PTS": 107.02777777777777,
        "AVG_AST": 21.40277777777778,
        "AVG_OREB": 9.666666666666666,
        "AVG_DREB": 35.47222222222222,
        "cPTS": 7706,
        "cAST": 1541,
        "cOREB": 696.0,
        "cDREB": 2554.0,
        "cFGA": 6225,
        "cTO": 876,
        "cFTA": 1506,
        "cPTS_ALLOWED": 7540,
        "OFF_EFF": 109.9695,
        "DEF_EFF": 107.6005,
        "ELO": 1581.4876
    },
    "ORL": {
        "GAME_NO": 72,
        "AVG_PTS": 104.0,
        "AVG_AST": 21.819444444444443,
        "AVG_OREB": 10.375,
        "AVG_DREB": 35.06944444444444,
        "cPTS": 7488,
        "cAST": 1571,
        "cOREB": 747.0,
        "cDREB": 2525.0,
        "cFGA": 6423,
        "cTO": 882,
        "cFTA": 1543,
        "cPTS_ALLOWED": 8158,
        "OFF_EFF": 104.3595,
        "DEF_EFF": 113.6972,
        "ELO": 1342.1934000000008
    },