{
    "ATL": {
        "GAME_NO": 69,
        "AVG_PTS": 113.42028985507247,
        "AVG_AST": 24.115942028985508,
        "AVG_OREB": 10.579710144927537,
        "AVG_DREB": 34.768115942028984,
        "cPTS": 7826,
        "cAST": 1664,
        "cOREB": 730.0,
        "cDREB": 2399.0,
        "cFGA": 6011,
        "cTO": 880,
        "cFTA": 1667,
        "OFFRATE": 1.14619643223293,
        "DEFRATE": 1.1785641055684115,
        "ELO": 1558.0981128533076
    },
    "BOS": {
        "GAME_NO": 69,
        "AVG_PTS": 113.02898550724638,
        "AVG_AST": 23.608695652173914,
        "AVG_OREB": 10.63768115942029,
        "AVG_DREB": 33.56521739130435,
        "cPTS": 7799,
        "cAST": 1629,
        "cOREB": 734.0,
        "cDREB": 2316.0,
        "cFGA": 6119,
        "cTO": 931,
        "cFTA": 1449,
        "OFFRATE": 1.131011079528975,
        "DEFRATE": 1.0799640350368351,
        "ELO": 1495.5307976587337
    },
    "CLE": {
        "GAME_NO": 69,
        "AVG_PTS": 103.76811594202898,
        "AVG_AST": 23.89855072463768,
        "AVG_OREB": 10.521739130434783,
        "AVG_DREB": 32.0,
        "cPTS": 7160,
        "cAST": 1649,
        "cOREB": 726.0,
        "cDREB": 2208.0,
        "cFGA": 5926,
        "cTO": 993,
        "cFTA": 1535,
        "OFFRATE": 1.0518583810783018,
        "DEFRATE": 1.1496988394299985,
        "ELO": 1334.3253143381733
    },
    "NOP": {
        "GAME_NO": 69,
        "AVG_PTS": 114.84057971014492,
        "AVG_AST": 26.18840579710145,
        "AVG_OREB": 11.797101449275363,
        "AVG_DREB": 35.608695652173914,
        "cPTS": 7924,
        "cAST": 1807,
        "cOREB": 814.0,
        "cDREB": 2457.0,
        "cFGA": 6148,
        "cTO": 961,
        "cFTA": 1791,
        "OFFRATE": 1.1301594546025044,
        "DEFRATE": 1.0982114841543773,
        "ELO": 1478.5769515657157
    },
    "CHI": {
        "GAME_NO": 69,
        "AVG_PTS": 110.81159420289855,
        "AVG_AST": 26.797101449275363,
        "AVG_OREB": 9.53623188405797,
        "AVG_DREB": 35.231884057971016,
        "cPTS": 7646,
        "cAST": 1849,
        "cOREB": 658.0,
        "cDREB": 2431.0,
        "cFGA": 6112,
        "cTO": 1002,
        "cFTA": 1212,
        "OFFRATE": 1.101602120792992,
        "DEFRATE": 1.178682572614108,
        "ELO": 1450.8460045296938
    },
    "DAL": {
        "GAME_NO": 69,
        "AVG_PTS": 112.1159420289855,
        "AVG_AST": 22.681159420289855,
        "AVG_OREB": 9.072463768115941,
        "AVG_DREB": 34.289855072463766,
        "cPTS": 7736,
        "cAST": 1565,
        "cOREB": 626.0,
        "cDREB": 2366.0,
        "cFGA": 6010,
        "cTO": 791,
        "cFTA": 1463,
        "OFFRATE": 1.1443448418685838,
        "DEFRATE": 1.1586935297772256,
        "ELO": 1568.0108090848037
    },
    "DEN": {
        "GAME_NO": 69,
        "AVG_PTS": 115.21739130434783,
        "AVG_AST": 26.869565217391305,
        "AVG_OREB": 10.507246376811594,
        "AVG_DREB": 33.869565217391305,
        "cPTS": 7950,
        "cAST": 1854,
        "cOREB": 725.0,
        "cDREB": 2337.0,
        "cFGA": 6142,
        "cTO": 894,
        "cFTA": 1366,
        "OFFRATE": 1.15933152506781,
        "DEFRATE": 1.1042085921777933,
        "ELO": 1613.069889337295
    },
    "GSW": {
        "GAME_NO": 70,
        "AVG_PTS": 113.55714285714286,
        "AVG_AST": 27.65714285714286,
        "AVG_OREB": 7.914285714285715,
        "AVG_DREB": 35.02857142857143,
        "cPTS": 7949,
        "cAST": 1936,
        "cOREB": 554.0,
        "cDREB": 2452.0,
        "cFGA": 6177,
        "cTO": 1024,
        "cFTA": 1472,
        "OFFRATE": 1.0985654661543989,
        "DEFRATE": 1.0944194145775172,
        "ELO": 1531.3038586576906
    },
    "HOU": {
        "GAME_NO": 69,
        "AVG_PTS": 108.6086956521739,
        "AVG_AST": 23.347826086956523,
        "AVG_OREB": 9.333333333333334,
        "AVG_DREB": 33.30434782608695,
        "cPTS": 7494,
        "cAST": 1611,
        "cOREB": 644.0,
        "cDREB": 2298.0,
        "cFGA": 6109,
        "cTO": 980,
        "cFTA": 1537,
        "OFFRATE": 1.061503158729709,
        "DEFRATE": 1.1340264596730785,
        "ELO": 1306.8580723793925
    },
    "LAC": {
        "GAME_NO": 69,
        "AVG_PTS": 114.04347826086956,
        "AVG_AST": 24.3768115942029,
        "AVG_OREB": 9.405797101449275,
        "AVG_DREB": 34.88405797101449,
        "cPTS": 7869,
        "cAST": 1682,
        "cOREB": 649.0,
        "cDREB": 2407.0,
        "cFGA": 5968,
        "cTO": 861,
        "cFTA": 1341,
        "OFFRATE": 1.1716097909594427,
        "DEFRATE": 1.1443630516348045,
        "ELO": 1605.5294110849288
    },
    "LAL": {
        "GAME_NO": 69,
        "AVG_PTS": 109.14492753623189,
        "AVG_AST": 24.52173913043478,
        "AVG_OREB": 9.681159420289855,
        "AVG_DREB": 34.6231884057971,
        "cPTS": 7531,
        "cAST": 1692,
        "cOREB": 668.0,
        "cDREB": 2389.0,
        "cFGA": 5924,
        "cTO": 1027,
        "cFTA": 1606,
        "OFFRATE": 1.0874462124931412,
        "DEFRATE": 1.0670863776821555,
        "ELO": 1516.1846917866123
    },
    "MIA": {
        "GAME_NO": 69,
        "AVG_PTS": 107.92753623188406,
        "AVG_AST": 26.26086956521739,
        "AVG_OREB": 7.956521739130435,
        "AVG_DREB": 33.55072463768116,
        "cPTS": 7447,
        "cAST": 1812,
        "cOREB": 549.0,
        "cDREB": 2315.0,
        "cFGA": 5768,
        "cTO": 916,
        "cFTA": 1481,
        "OFFRATE": 1.1069655438951156,
        "DEFRATE": 1.1592888783185185,
        "ELO": 1557.9297753431567
    },
    "MIL": {
        "GAME_NO": 69,
        "AVG_PTS": 119.89855072463769,
        "AVG_AST": 25.463768115942027,
        "AVG_OREB": 10.376811594202898,
        "AVG_DREB": 37.81159420289855,
        "cPTS": 8273,
        "cAST": 1757,
        "cOREB": 716.0,
        "cDREB": 2609.0,
        "cFGA": 6340,
        "cTO": 930,
        "cFTA": 1452,
        "OFFRATE": 1.159527947524808,
        "DEFRATE": 1.0064753041430734,
        "ELO": 1593.0985710337995
    },
    "MIN": {
        "GAME_NO": 69,
        "AVG_PTS": 111.97101449275362,
        "AVG_AST": 25.63768115942029,
        "AVG_OREB": 10.36231884057971,
        "AVG_DREB": 33.130434782608695,
        "cPTS": 7726,
        "cAST": 1769,
        "cOREB": 715.0,
        "cDREB": 2286.0,
        "cFGA": 6281,
        "cTO": 947,
        "cFTA": 1571,
        "OFFRATE": 1.081860699582715,
        "DEFRATE": 1.0471336152575126,
        "ELO": 1424.9856805456209
    },
    "BKN": {
        "GAME_NO": 69,
        "AVG_PTS": 118.56521739130434,
        "AVG_AST": 26.594202898550726,
        "AVG_OREB": 9.057971014492754,
        "AVG_DREB": 35.391304347826086,
        "cPTS": 8181,
        "cAST": 1835,
        "cOREB": 625.0,
        "cDREB": 2442.0,
        "cFGA": 6040,
        "cTO": 912,
        "cFTA": 1564,
        "OFFRATE": 1.1766821045364324,
        "DEFRATE": 1.0997324741823202,
        "ELO": 1591.429272434083
    },
    "NYK": {
        "GAME_NO": 69,
        "AVG_PTS": 107.10144927536231,
        "AVG_AST": 21.347826086956523,
        "AVG_OREB": 9.782608695652174,
        "AVG_DREB": 35.30434782608695,
        "cPTS": 7390,
        "cAST": 1473,
        "cOREB": 675.0,
        "cDREB": 2436.0,
        "cFGA": 5971,
        "cTO": 847,
        "cFTA": 1454,
        "OFFRATE": 1.0989501234274157,
        "DEFRATE": 1.119917913333135,
        "ELO": 1559.093639433133
    },
    "ORL": {
        "GAME_NO": 69,
        "AVG_PTS": 104.07246376811594,
        "AVG_AST": 21.782608695652176,
        "AVG_OREB": 10.318840579710145,
        "AVG_DREB": 35.04347826086956,
        "cPTS": 7181,
        "cAST": 1503,
        "cOREB": 712.0,
        "cDREB": 2418.0,
        "cFGA": 6170,
        "cTO": 839,
        "cFTA": 1459,
        "OFFRATE": 1.0436589832282068,
        "DEFRATE": 1.2023660727262158,
        "ELO": 1354.2015092928632
    },
    "IND": {
        "GAME_NO": 69,