{
    "ATL": {
        "GAME_NO": 82,
        "AVG_PTS": 102.54878048780488,
        "AVG_AST": 25.74390243902439,
        "AVG_OREB": 8.71951219512195,
        "AVG_DREB": 31.841463414634145,
        "cPTS": 8409,
        "cAST": 2111,
        "cOREB": 715.0,
        "cDREB": 2611.0,
        "cFGA": 6699,
        "cTO": 1103,
        "cFTA": 1735,
        "cPTS_ALLOWED": 7964,
        "OFF_EFF": 108.0709,
        "DEF_EFF": 102.3519,
        "ELO": 1614.1308000000001
    },
    "BOS": {
        "GAME_NO": 82,
        "AVG_PTS": 101.36585365853658,
        "AVG_AST": 24.5,
        "AVG_OREB": 11.097560975609756,
        "AVG_DREB": 32.74390243902439,
        "cPTS": 8312,
        "cAST": 2009,
        "cOREB": 910.0,
        "cDREB": 2685.0,
        "cFGA": 7211,
        "cTO": 1088,
        "cFTA": 1678,
        "cPTS_ALLOWED": 8299,
        "OFF_EFF": 103.124,
        "DEF_EFF": 102.9627,
        "ELO": 1548.1171
    },
    "CLE": {
        "GAME_NO": 82,
        "AVG_PTS": 103.13414634146342,
        "AVG_AST": 22.121951219512194,
        "AVG_OREB": 11.109756097560975,
        "AVG_DREB": 31.853658536585368,
        "cPTS": 8457,
        "cAST": 1814,
        "cOREB": 911.0,
        "cDREB": 2612.0,
        "cFGA": 6739,
        "cTO": 1118,
        "cFTA": 1934,
        "cPTS_ALLOWED": 8090,
        "OFF_EFF": 109.5523,
        "DEF_EFF": 104.7982,
        "ELO": 1622.7822999999996
    },
    "NOP": {
        "GAME_NO": 82,
        "AVG_PTS": 99.35365853658537,
        "AVG_AST": 22.024390243902438,
        "AVG_OREB": 11.487804878048781,
        "AVG_DREB": 31.963414634146343,
        "cPTS": 8147,
        "cAST": 1806,
        "cOREB": 942.0,
        "cDREB": 2621.0,
        "cFGA": 6795,
        "cTO": 1033,
        "cFTA": 1790,
        "cPTS_ALLOWED": 8082,
        "OFF_EFF": 107.1692,
        "DEF_EFF": 106.3141,
        "ELO": 1551.8088000000007
    },
    "CHI": {
        "GAME_NO": 82,
        "AVG_PTS": 100.79268292682927,
        "AVG_AST": 21.71951219512195,
        "AVG_OREB": 11.695121951219512,
        "AVG_DREB": 34.048780487804876,
        "cPTS": 8265,
        "cAST": 1781,
        "cOREB": 959.0,
        "cDREB": 2792.0,
        "cFGA": 6797,
        "cTO": 1080,
        "cFTA": 2067,
        "cPTS_ALLOWED": 8019,
        "OFF_EFF": 106.7168,
        "DEF_EFF": 103.5404,
        "ELO": 1562.344099999999
    },
    "DAL": {
        "GAME_NO": 82,
        "AVG_PTS": 105.21951219512195,
        "AVG_AST": 22.51219512195122,
        "AVG_OREB": 10.463414634146341,
        "AVG_DREB": 31.804878048780488,
        "cPTS": 8628,
        "cAST": 1846,
        "cOREB": 858.0,
        "cDREB": 2608.0,
        "cFGA": 7036,
        "cTO": 1029,
        "cFTA": 1843,
        "cPTS_ALLOWED": 8390,
        "OFF_EFF": 108.6075,
        "DEF_EFF": 105.6116,
        "ELO": 1566.6479000000002
    },
    "DEN": {
        "GAME_NO": 82,
        "AVG_PTS": 101.46341463414635,
        "AVG_AST": 21.804878048780488,
        "AVG_OREB": 12.341463414634147,
        "AVG_DREB": 32.353658536585364,
        "cPTS": 8320,
        "cAST": 1788,
        "cOREB": 1012.0,
        "cDREB": 2653.0,
        "cFGA": 7158,
        "cTO": 1133,
        "cFTA": 1991,
        "cPTS_ALLOWED": 8611,
        "OFF_EFF": 103.029,
        "DEF_EFF": 106.6325,
        "ELO": 1409.0968000000007
    },
    "GSW": {
        "GAME_NO": 82,
        "AVG_PTS": 109.95121951219512,
        "AVG_AST": 27.414634146341463,
        "AVG_OREB": 10.402439024390244,
        "AVG_DREB": 34.31707317073171,
        "cPTS": 9016,
        "cAST": 2248,
        "cOREB": 853.0,
        "cDREB": 2814.0,
        "cFGA": 7137,
        "cTO": 1156,
        "cFTA": 1709,
        "cPTS_ALLOWED": 8188,
        "OFF_EFF": 110.9853,
        "DEF_EFF": 100.7928,
        "ELO": 1720.4844000000005
    },
    "HOU": {
        "GAME_NO": 82,
        "AVG_PTS": 103.92682926829268,
        "AVG_AST": 22.195121951219512,
        "AVG_OREB": 11.682926829268293,
        "AVG_DREB": 32.0,
        "cPTS": 8522,
        "cAST": 1820,
        "cOREB": 958.0,
        "cDREB": 2624.0,
        "cFGA": 6832,
        "cTO": 1307,
        "cFTA": 2133,
        "cPTS_ALLOWED": 8240,
        "OFF_EFF": 106.0715,
        "DEF_EFF": 102.5615,
        "ELO": 1632.6184
    },
    "LAC": {
        "GAME_NO": 82,
        "AVG_PTS": 106.71951219512195,
        "AVG_AST": 24.76829268292683,
        "AVG_OREB": 9.560975609756097,
        "AVG_DREB": 33.0609756097561,
        "cPTS": 8751,
        "cAST": 2031,
        "cOREB": 784.0,
        "cDREB": 2711.0,
        "cFGA": 6830,
        "cTO": 967,
        "cFTA": 2067,
        "cPTS_ALLOWED": 8211,
        "OFF_EFF": 111.6227,
        "DEF_EFF": 104.7348,
        "ELO": 1648.7109000000007
    },
    "LAL": {
        "GAME_NO": 82,
        "AVG_PTS": 98.45121951219512,
        "AVG_AST": 20.914634146341463,
        "AVG_OREB": 11.609756097560975,
        "AVG_DREB": 32.28048780487805,
        "cPTS": 8073,
        "cAST": 1715,
        "cOREB": 952.0,
        "cDREB": 2647.0,
        "cFGA": 7020,
        "cTO": 1035,
        "cFTA": 1935,
        "cPTS_ALLOWED": 8634,
        "OFF_EFF": 102.4883,
        "DEF_EFF": 109.6103,
        "ELO": 1318.861100000001
    },
    "MIA": {
        "GAME_NO": 82,
        "AVG_PTS": 94.6829268292683,
        "AVG_AST": 19.829268292682926,
        "AVG_OREB": 9.109756097560975,
        "AVG_DREB": 30.01219512195122,
        "cPTS": 7764,
        "cAST": 1626,
        "cOREB": 747.0,
        "cDREB": 2461.0,
        "cFGA": 6330,
        "cTO": 1139,
        "cFTA": 1940,
        "cPTS_ALLOWED": 7977,
        "OFF_EFF": 103.5476,
        "DEF_EFF": 106.3884,
        "ELO": 1458.9464
    },
    "MIL": {
        "GAME_NO": 82,
        "AVG_PTS": 97.84146341463415,
        "AVG_AST": 23.5609756097561,
        "AVG_OREB": 10.682926829268293,
        "AVG_DREB": 31.390243902439025,
        "cPTS": 8023,
        "cAST": 1932,
        "cOREB": 876.0,
        "cDREB": 2574.0,
        "cFGA": 6722,
        "cTO": 1309,
        "cFTA": 1734,
        "cPTS_ALLOWED": 7988,
        "OFF_EFF": 102.2221,
        "DEF_EFF": 101.7761,
        "ELO": 1482.7780999999998
    },
    "MIN": {
        "GAME_NO": 82,
        "AVG_PTS": 97.7560975609756,
        "AVG_AST": 21.597560975609756,
        "AVG_OREB": 11.573170731707316,
        "AVG_DREB": 29.341463414634145,
        "cPTS": 8016,
        "cAST": 1771,
        "cOREB": 949.0,
        "cDREB": 2406.0,
        "cFGA": 6820,
        "cTO": 1172,
        "cFTA": 2110,
        "cPTS_ALLOWED": 8737,
        "OFF_EFF": 101.6356,
        "DEF_EFF": 110.7772,
        "ELO": 1287.5068
    },
    "BKN": {
        "GAME_NO": 82,
        "AVG_PTS": 98.02439024390245,
        "AVG_AST": 20.926829268292682,
        "AVG_OREB": 10.317073170731707,
        "AVG_DREB": 32.03658536585366,
        "cPTS": 8038,
        "cAST": 1716,
        "cOREB": 846.0,
        "cDREB": 2627.0,
        "cFGA": 6804,
        "cTO": 1098,
        "cFTA": 1817,
        "cPTS_ALLOWED": 8274,
        "OFF_EFF": 103.279,
        "DEF_EFF": 106.3114,
        "ELO": 1503.3594000000005
    },
    "NYK": {
        "GAME_NO": 82,
        "AVG_PTS": 91.89024390243902,
        "AVG_AST": 21.29268292682927,
        "AVG_OREB": 10.573170731707316,
        "AVG_DREB": 29.79268292682927,
        "cPTS": 7535,
        "cAST": 1746,
        "cOREB": 867.0,
        "cDREB": 2443.0,
        "cFGA": 6726,
        "cTO": 1129,
        "cFTA": 1575,
        "cPTS_ALLOWED": 8299,
        "OFF_EFF": 98.9105,
        "DEF_EFF": 108.9394,
        "ELO": 1301.0791
    },
    "ORL": {
        "GAME_NO": 82,
        "AVG_PTS": 95.6951219512195,
        "AVG_AST": 20.634146341463413,
        "AVG_OREB": 10.024390243902438,
        "AVG_DREB": 31.79268292682927,
        "cPTS": 7847,
        "cAST": 1692,
        "cOREB": 822.0,
        "cDREB": 2607.0,
        "cFGA": 6792,
        "cTO": 1175,
        "cFTA": 1565,
        "cPTS_ALLOWED": 8316,
        "OFF_EFF": 100.978,