HOME_TEAM,AVG_PTS_x,AVG_AST_x,AVG_OREB_x,AVG_DREB_x,OFF_EFF_x,DEF_EFF_x,ELO_x,AWAY_TEAM,AVG_PTS_y,AVG_AST_y,AVG_OREB_y,AVG_DREB_y,OFF_EFF_y,DEF_EFF_y,ELO_y,DIS_PTS,DIS_AST,DIS_OREB,DIS_DREB,DIS_OFF_EFF,DIS_DEF_EFF,DIS_ELO,PREDICTION
GSW,113.52054794520548,27.534246575342465,7.986301369863014,35.082191780821915,109.9801,109.0113,1539.383099999999,MEM,113.10958904109589,26.794520547945204,11.150684931506849,35.45205479452055,111.0857,110.0363,1542.257799999999,0.41095890410959157,0.7397260273972606,-3.1643835616438345,-0.36986301369863384,-1.1056000000000097,-1.0249999999999915,-2.874699999999848,1.0
